sqlite_browser_id,sqlite_visit_id,extension_session_uuid,event_ordinal,record_type,change_cause,expiry,is_http_only,is_host_only,is_session,host,is_secure,name,path,value,same_site,first_party_domain,store_id,time_stamp,site_id,in_cookiejar,site_rank,hold_id,visit_id,browser_id,category
3396399569,4707327051517208,d8b11166-0cf1-4096-9f75-811003bb445c,4,added-or-changed,explicit,2025-11-09 13:55:34,1,0,0,.google.com,1,AEC,/,AVcja2dzJAmz8rIxvsyINxycBtE3qrXVpj6pZdoTHXs_t0-Iequ1uiH7fw,lax,,firefox-default,2025-05-13 13:55:34.499000,1,1.0,0,,1_AEC,windows,
3396399569,4707327051517208,d8b11166-0cf1-4096-9f75-811003bb445c,5,added-or-changed,explicit,2025-11-12 13:55:34,1,0,0,.google.com,1,NID,/,524=TA3ZkaqPKd8Lf-XChlu7EFzBfKEDgEMfu3Nve1L60hGm7iVqeyPUt5XbQXv9pwRUSBf-GwGfK42gje2dQEUDGpbJN0hrKYYDv_RbVhE_Q-1Dv6f-Bvswa8fExPGbyHu48zE9-uCUa402cu4ABvP9SUFtLpm1ijureeDJlTXzn5aNPOsB4hMz8oOYjg4gHivvC8vwiCdjs--BIOFDjvaXGCw,no_restriction,,firefox-default,2025-05-13 13:55:34.499000,1,,0,,1_NID,windows,
3396399569,4707327051517208,d8b11166-0cf1-4096-9f75-811003bb445c,53,deleted,overwrite,2025-11-12 13:55:34,1,0,0,.google.com,1,NID,/,524=RRuJKRX1OlqW2le41CPwA3-JeznjKy3UQW7cJlcOe8i-S6pZGNfvomShhHCu5VzmaRX5QQv9WxAq85rWUvXr_W40z2n11wtycTpzJLFco7PCL0-0VnkdUTjMtRrQmp8ZlCcjKF8zjzunx9oYu101ELRoeX7ekUdPHl-tj7paZS-a2RZvvKf93vyuVLNNOrELRV3KZV6_xMbhX1fVwNU8p9pmmTkj3zQ6OA,no_restriction,,firefox-default,2025-05-13 13:55:42.642000,1,,0,,1_NID,windows,
3396399569,4707327051517208,d8b11166-0cf1-4096-9f75-811003bb445c,54,added-or-changed,explicit,2025-11-12 13:55:34,1,0,0,.google.com,1,NID,/,524=RRuJKRX1OlqW2le41CPwA3-JeznjKy3UQW7cJlcOe8i-S6pZGNfvomShhHCu5VzmaRX5QQv9WxAq85rWUvXr_W40z2n11wtycTpzJLFco7PCL0-0VnkdUTjMtRrQmp8ZlCcjKF8zjzunx9oYu101ELRoeX7ekUdPHl-tj7paZS-a2RZvvKf93vyuVLNNOrELRV3KZV6_xMbhX1fVwNU8p9pmmTkj3zQ6OA,no_restriction,,firefox-default,2025-05-13 13:55:42.643000,1,,0,,1_NID,windows,
3396399569,4707327051517208,d8b11166-0cf1-4096-9f75-811003bb445c,355,deleted,overwrite,2025-11-12 13:55:34,1,0,0,.google.com,1,NID,/,524=F7428axW9RGjnGS2xq0EWrEXqmzAZztOq7AupaqbcsvaCrGkhafX1jI-I0ALCaGWc9eTXYFTbWirq_kD8F0MsCvijNpjEax2hSHU0nMPCm2JWZMHV6KGf_Ec2A4TdoJfSES8ShKcNHx84s0UrOXOsH-ngUlLahzYuLCHulJJtOPfRSaqiiJRJaO9wtblIertjKZ7k_6-Cma6-sGEaaT7PnvIBGUgt3lI_Q,no_restriction,,firefox-default,2025-05-13 13:55:43.318000,1,,0,,1_NID,windows,
3396399569,4707327051517208,d8b11166-0cf1-4096-9f75-811003bb445c,356,added-or-changed,explicit,2025-11-12 13:55:34,1,0,0,.google.com,1,NID,/,524=F7428axW9RGjnGS2xq0EWrEXqmzAZztOq7AupaqbcsvaCrGkhafX1jI-I0ALCaGWc9eTXYFTbWirq_kD8F0MsCvijNpjEax2hSHU0nMPCm2JWZMHV6KGf_Ec2A4TdoJfSES8ShKcNHx84s0UrOXOsH-ngUlLahzYuLCHulJJtOPfRSaqiiJRJaO9wtblIertjKZ7k_6-Cma6-sGEaaT7PnvIBGUgt3lI_Q,no_restriction,,firefox-default,2025-05-13 13:55:43.319000,1,,0,,1_NID,windows,
3396399569,4707327051517208,d8b11166-0cf1-4096-9f75-811003bb445c,379,deleted,overwrite,2025-11-12 13:55:35,1,0,0,.google.com,1,NID,/,524=iHwktnMgffmX_fYrY34BBAvKrZq0BePimEZr07gnCzHrviEyb0Vqo3LjgySD0cgZmOKUsiLvrjSpFF87I1rmj3aagZRItFXb4RM5smPZiSFAN0N7gEE0HSTwOqdNnHTfE6fjTW_qVXAjIkw38yypHON30HX90EDqM9CUNY0Sm5P94U2k-yNZz9Jto07Bc07S-_l9q7-ceApyaYAm8KmMJ7IdquNizV9zng,no_restriction,,firefox-default,2025-05-13 13:55:44.029000,1,,0,,1_NID,windows,
3396399569,4707327051517208,d8b11166-0cf1-4096-9f75-811003bb445c,380,added-or-changed,explicit,2025-11-12 13:55:35,1,0,0,.google.com,1,NID,/,524=iHwktnMgffmX_fYrY34BBAvKrZq0BePimEZr07gnCzHrviEyb0Vqo3LjgySD0cgZmOKUsiLvrjSpFF87I1rmj3aagZRItFXb4RM5smPZiSFAN0N7gEE0HSTwOqdNnHTfE6fjTW_qVXAjIkw38yypHON30HX90EDqM9CUNY0Sm5P94U2k-yNZz9Jto07Bc07S-_l9q7-ceApyaYAm8KmMJ7IdquNizV9zng,no_restriction,,firefox-default,2025-05-13 13:55:44.029000,1,,0,,1_NID,windows,
3396399569,3925791933489137,d8b11166-0cf1-4096-9f75-811003bb445c,442,deleted,overwrite,2025-11-12 13:55:34,1,0,0,.google.com,1,NID,/,524=DGziUv-YI93RoyId2CoulWXsHgODecMXMzkcCcO39QoFLCrqLZ9wKl3_pW_RPcbpLPBcuqB1nhz7zAhTHtjZ0abaw50J42Sh8ufYe4t-NDHPevlAEawHND8q4ndOeJOhch-xDTxFWJAHgEenv8YChh0PvrIMi2Shi7qEMjzVuVpeRhXMSt8ymbPz6pTVuBc-ACAp3_JGrl62DRs3fDr4ZkQYLMFNJFCg7aBOrQU,no_restriction,,firefox-default,2025-05-13 13:56:00.213000,1,,1,,1_NID,windows,
3396399569,3925791933489137,d8b11166-0cf1-4096-9f75-811003bb445c,443,added-or-changed,explicit,2025-11-12 13:55:34,1,0,0,.google.com,1,NID,/,524=DGziUv-YI93RoyId2CoulWXsHgODecMXMzkcCcO39QoFLCrqLZ9wKl3_pW_RPcbpLPBcuqB1nhz7zAhTHtjZ0abaw50J42Sh8ufYe4t-NDHPevlAEawHND8q4ndOeJOhch-xDTxFWJAHgEenv8YChh0PvrIMi2Shi7qEMjzVuVpeRhXMSt8ymbPz6pTVuBc-ACAp3_JGrl62DRs3fDr4ZkQYLMFNJFCg7aBOrQU,no_restriction,,firefox-default,2025-05-13 13:56:00.213000,1,,1,,1_NID,windows,
3396399569,3925791933489137,d8b11166-0cf1-4096-9f75-811003bb445c,444,added-or-changed,explicit,2025-11-12 13:55:34,1,0,0,.google.com,1,SNID,/verify,AIs2CCqAJtvZ6lyyNywU4McF3r173PO5KL2vxC8kDb5Gok-5ju6Uz9XjVFmVhALUHe_EnVzqYJtFL6D4m1Dghi7TShfBVhykVQ,lax,,firefox-default,2025-05-13 13:56:00.214000,1,1.0,1,,1_SNID,windows,
3396399569,7103361313043288,d8b11166-0cf1-4096-9f75-811003bb445c,834,added-or-changed,explicit,2026-06-17 13:56:18,0,0,0,.policies.google.com,0,_ga_CVQP9NPQGY,/,deleted,no_restriction,,firefox-default,2025-05-13 13:56:18.799000,1,,2,,1__ga_CVQP9NPQGY,windows,Performance
3396399569,7103361313043288,d8b11166-0cf1-4096-9f75-811003bb445c,835,deleted,overwrite,2026-06-17 13:56:18,0,0,0,.policies.google.com,0,_ga_CVQP9NPQGY,/,GS2.1.s1747137378$o1$g0$t1747137378$j0$l0$h0,no_restriction,,firefox-default,2025-05-13 13:56:18.800000,1,,2,,1__ga_CVQP9NPQGY,windows,Performance
3396399569,7103361313043288,d8b11166-0cf1-4096-9f75-811003bb445c,836,added-or-changed,explicit,2026-06-17 13:56:18,0,0,0,.policies.google.com,0,_ga_CVQP9NPQGY,/,GS2.1.s1747137378$o1$g0$t1747137378$j0$l0$h0,no_restriction,,firefox-default,2025-05-13 13:56:18.801000,1,,2,,1__ga_CVQP9NPQGY,windows,Performance
3396399569,7103361313043288,d8b11166-0cf1-4096-9f75-811003bb445c,837,added-or-changed,explicit,2026-06-17 13:56:18,0,0,0,.policies.google.com,0,_ga,/,GA1.1.1351695229.1747137379,no_restriction,,firefox-default,2025-05-13 13:56:18.802000,1,,2,,1__ga,windows,
3396399569,7103361313043288,d8b11166-0cf1-4096-9f75-811003bb445c,938,added-or-changed,explicit,2025-06-12 13:56:18,0,1,0,policies.google.com,1,OTZ,/,8080556_56_56__56_,no_restriction,,firefox-default,2025-05-13 13:56:18.959000,1,1.0,2,,1_OTZ,windows,
3396399569,7103361313043288,d8b11166-0cf1-4096-9f75-811003bb445c,1651,deleted,overwrite,2026-06-17 13:56:25,0,0,0,.policies.google.com,0,_ga_CVQP9NPQGY,/,deleted,no_restriction,,firefox-default,2025-05-13 13:56:25.208000,1,,2,,1__ga_CVQP9NPQGY,windows,Performance
3396399569,7103361313043288,d8b11166-0cf1-4096-9f75-811003bb445c,1652,added-or-changed,explicit,2026-06-17 13:56:25,0,0,0,.policies.google.com,0,_ga_CVQP9NPQGY,/,deleted,no_restriction,,firefox-default,2025-05-13 13:56:25.209000,1,,2,,1__ga_CVQP9NPQGY,windows,Performance
3396399569,7103361313043288,d8b11166-0cf1-4096-9f75-811003bb445c,1653,deleted,overwrite,2026-06-17 13:56:25,0,0,0,.policies.google.com,0,_ga_CVQP9NPQGY,/,GS2.1.s1747137378$o1$g0$t1747137385$j0$l0$h0,no_restriction,,firefox-default,2025-05-13 13:56:25.209000,1,,2,,1__ga_CVQP9NPQGY,windows,Performance
3396399569,7103361313043288,d8b11166-0cf1-4096-9f75-811003bb445c,1654,added-or-changed,explicit,2026-06-17 13:56:25,0,0,0,.policies.google.com,0,_ga_CVQP9NPQGY,/,GS2.1.s1747137378$o1$g0$t1747137385$j0$l0$h0,no_restriction,,firefox-default,2025-05-13 13:56:25.209000,1,,2,,1__ga_CVQP9NPQGY,windows,Performance
3396399569,5823145675265962,d8b11166-0cf1-4096-9f75-811003bb445c,1689,deleted,overwrite,2026-06-17 13:56:33,0,0,0,.policies.google.com,0,_ga_CVQP9NPQGY,/,deleted,no_restriction,,firefox-default,2025-05-13 13:56:33.679000,1,,3,,1__ga_CVQP9NPQGY,windows,Performance
3396399569,5823145675265962,d8b11166-0cf1-4096-9f75-811003bb445c,1690,added-or-changed,explicit,2026-06-17 13:56:33,0,0,0,.policies.google.com,0,_ga_CVQP9NPQGY,/,deleted,no_restriction,,firefox-default,2025-05-13 13:56:33.680000,1,,3,,1__ga_CVQP9NPQGY,windows,Performance
3396399569,5823145675265962,d8b11166-0cf1-4096-9f75-811003bb445c,1691,deleted,overwrite,2026-06-17 13:56:33,0,0,0,.policies.google.com,0,_ga_CVQP9NPQGY,/,GS2.1.s1747137378$o1$g1$t1747137393$j0$l0$h0,no_restriction,,firefox-default,2025-05-13 13:56:33.680000,1,,3,,1__ga_CVQP9NPQGY,windows,Performance
3396399569,5823145675265962,d8b11166-0cf1-4096-9f75-811003bb445c,1692,added-or-changed,explicit,2026-06-17 13:56:33,0,0,0,.policies.google.com,0,_ga_CVQP9NPQGY,/,GS2.1.s1747137378$o1$g1$t1747137393$j0$l0$h0,no_restriction,,firefox-default,2025-05-13 13:56:33.680000,1,,3,,1__ga_CVQP9NPQGY,windows,Performance
3396399569,5823145675265962,d8b11166-0cf1-4096-9f75-811003bb445c,1693,deleted,overwrite,2026-06-17 13:56:33,0,0,0,.policies.google.com,0,_ga,/,GA1.1.1351695229.1747137379,no_restriction,,firefox-default,2025-05-13 13:56:33.680000,1,,3,,1__ga,windows,
3396399569,5823145675265962,d8b11166-0cf1-4096-9f75-811003bb445c,1694,added-or-changed,explicit,2026-06-17 13:56:33,0,0,0,.policies.google.com,0,_ga,/,GA1.1.1351695229.1747137379,no_restriction,,firefox-default,2025-05-13 13:56:33.680000,1,,3,,1__ga,windows,
3396399569,5823145675265962,d8b11166-0cf1-4096-9f75-811003bb445c,1704,deleted,overwrite,2026-06-17 13:56:38,0,0,0,.policies.google.com,0,_ga_CVQP9NPQGY,/,deleted,no_restriction,,firefox-default,2025-05-13 13:56:38.856000,1,,3,,1__ga_CVQP9NPQGY,windows,Performance
3396399569,5823145675265962,d8b11166-0cf1-4096-9f75-811003bb445c,1705,added-or-changed,explicit,2026-06-17 13:56:38,0,0,0,.policies.google.com,0,_ga_CVQP9NPQGY,/,deleted,no_restriction,,firefox-default,2025-05-13 13:56:38.856000,1,,3,,1__ga_CVQP9NPQGY,windows,Performance
3396399569,5823145675265962,d8b11166-0cf1-4096-9f75-811003bb445c,1706,deleted,overwrite,2026-06-17 13:56:38,0,0,0,.policies.google.com,0,_ga_CVQP9NPQGY,/,GS2.1.s1747137378$o1$g1$t1747137398$j0$l0$h0,no_restriction,,firefox-default,2025-05-13 13:56:38.856000,1,,3,,1__ga_CVQP9NPQGY,windows,Performance
3396399569,5823145675265962,d8b11166-0cf1-4096-9f75-811003bb445c,1707,added-or-changed,explicit,2026-06-17 13:56:38,0,0,0,.policies.google.com,0,_ga_CVQP9NPQGY,/,GS2.1.s1747137378$o1$g1$t1747137398$j0$l0$h0,no_restriction,,firefox-default,2025-05-13 13:56:38.856000,1,,3,,1__ga_CVQP9NPQGY,windows,Performance
3396399569,292055972368159,d8b11166-0cf1-4096-9f75-811003bb445c,1712,deleted,overwrite,2025-11-12 13:55:34,1,0,0,.google.com,1,NID,/,524=Jbdf2XRW0TYve0VqesfEC7lhp0V9Osmd0Gy47DouUt-34UuhumImxtkrAmbM8E9WXCCDe3PihptllT9Pem6QNPJMzsNRSasnNatjuwU4vLZgHEcnQfQH0IXFQ4ttUlL-fpYUidAvHL9XBED4gwVwDnneuz5vEFfLTsH39l-2Pz5VBCfgKP3Jtjy1ycOUIMMlAwdkYqxYMPmQGiP_UOJEEQCTHjPYkOhsLObxqUgsgH4CZxMmPrazZb_7hdNPv9xYRR5yihcLMcK6vwyf,no_restriction,,firefox-default,2025-05-13 13:56:47.244000,1,,4,,1_NID,windows,
3396399569,292055972368159,d8b11166-0cf1-4096-9f75-811003bb445c,1713,added-or-changed,explicit,2025-11-12 13:55:34,1,0,0,.google.com,1,NID,/,524=Jbdf2XRW0TYve0VqesfEC7lhp0V9Osmd0Gy47DouUt-34UuhumImxtkrAmbM8E9WXCCDe3PihptllT9Pem6QNPJMzsNRSasnNatjuwU4vLZgHEcnQfQH0IXFQ4ttUlL-fpYUidAvHL9XBED4gwVwDnneuz5vEFfLTsH39l-2Pz5VBCfgKP3Jtjy1ycOUIMMlAwdkYqxYMPmQGiP_UOJEEQCTHjPYkOhsLObxqUgsgH4CZxMmPrazZb_7hdNPv9xYRR5yihcLMcK6vwyf,no_restriction,,firefox-default,2025-05-13 13:56:47.245000,1,,4,,1_NID,windows,
3396399569,292055972368159,d8b11166-0cf1-4096-9f75-811003bb445c,1749,added-or-changed,explicit,2025-05-13 14:26:47,0,0,0,.support.google.com,1,SUPPORT_CONTENT,/,638827342070124222-708932334,no_restriction,,firefox-default,2025-05-13 13:56:47.902000,1,,4,,1_SUPPORT_CONTENT,windows,
3396399569,292055972368159,d8b11166-0cf1-4096-9f75-811003bb445c,1754,added-or-changed,explicit,2026-06-17 13:56:48,0,0,0,.support.google.com,0,_ga_H30R9PNQFN,/,deleted,no_restriction,,firefox-default,2025-05-13 13:56:48.128000,1,,4,,1__ga_H30R9PNQFN,windows,
3396399569,292055972368159,d8b11166-0cf1-4096-9f75-811003bb445c,1755,deleted,overwrite,2026-06-17 13:56:48,0,0,0,.support.google.com,0,_ga_H30R9PNQFN,/,GS2.1.s1747137408$o1$g0$t1747137408$j0$l0$h0,no_restriction,,firefox-default,2025-05-13 13:56:48.128000,1,,4,,1__ga_H30R9PNQFN,windows,
3396399569,292055972368159,d8b11166-0cf1-4096-9f75-811003bb445c,1756,added-or-changed,explicit,2026-06-17 13:56:48,0,0,0,.support.google.com,0,_ga_H30R9PNQFN,/,GS2.1.s1747137408$o1$g0$t1747137408$j0$l0$h0,no_restriction,,firefox-default,2025-05-13 13:56:48.128000,1,,4,,1__ga_H30R9PNQFN,windows,
3396399569,292055972368159,d8b11166-0cf1-4096-9f75-811003bb445c,1757,added-or-changed,explicit,2026-06-17 13:56:48,0,0,0,.support.google.com,0,_ga,/,GA1.1.2096178157.1747137408,no_restriction,,firefox-default,2025-05-13 13:56:48.128000,1,,4,,1__ga,windows,
3396399569,292055972368159,d8b11166-0cf1-4096-9f75-811003bb445c,1996,deleted,overwrite,2026-06-17 13:56:48,0,0,0,.support.google.com,0,_ga,/,GA1.3.2096178157.1747137408,no_restriction,,firefox-default,2025-05-13 13:56:48.461000,1,,4,,1__ga,windows,
3396399569,292055972368159,d8b11166-0cf1-4096-9f75-811003bb445c,1997,added-or-changed,explicit,2026-06-17 13:56:48,0,0,0,.support.google.com,0,_ga,/,GA1.3.2096178157.1747137408,no_restriction,,firefox-default,2025-05-13 13:56:48.461000,1,,4,,1__ga,windows,
3396399569,292055972368159,d8b11166-0cf1-4096-9f75-811003bb445c,1998,added-or-changed,explicit,2025-05-14 13:56:48,0,0,0,.support.google.com,0,_gid,/,GA1.3.122719863.1747137408,no_restriction,,firefox-default,2025-05-13 13:56:48.461000,1,,4,,1__gid,windows,
3396399569,292055972368159,d8b11166-0cf1-4096-9f75-811003bb445c,1999,added-or-changed,explicit,2025-05-13 13:57:48,0,0,0,.support.google.com,0,_gat_gtag_UA_175894890_5,/,1,no_restriction,,firefox-default,2025-05-13 13:56:48.461000,1,,4,,1__gat_gtag_UA_175894890_5,windows,
3396399569,292055972368159,d8b11166-0cf1-4096-9f75-811003bb445c,2149,deleted,overwrite,2026-06-17 13:56:53,0,0,0,.support.google.com,0,_ga_H30R9PNQFN,/,deleted,no_restriction,,firefox-default,2025-05-13 13:56:53.345000,1,,4,,1__ga_H30R9PNQFN,windows,
3396399569,292055972368159,d8b11166-0cf1-4096-9f75-811003bb445c,2150,added-or-changed,explicit,2026-06-17 13:56:53,0,0,0,.support.google.com,0,_ga_H30R9PNQFN,/,deleted,no_restriction,,firefox-default,2025-05-13 13:56:53.346000,1,,4,,1__ga_H30R9PNQFN,windows,
3396399569,292055972368159,d8b11166-0cf1-4096-9f75-811003bb445c,2151,deleted,overwrite,2026-06-17 13:56:53,0,0,0,.support.google.com,0,_ga_H30R9PNQFN,/,GS2.1.s1747137408$o1$g0$t1747137413$j0$l0$h0,no_restriction,,firefox-default,2025-05-13 13:56:53.346000,1,,4,,1__ga_H30R9PNQFN,windows,
3396399569,292055972368159,d8b11166-0cf1-4096-9f75-811003bb445c,2152,added-or-changed,explicit,2026-06-17 13:56:53,0,0,0,.support.google.com,0,_ga_H30R9PNQFN,/,GS2.1.s1747137408$o1$g0$t1747137413$j0$l0$h0,no_restriction,,firefox-default,2025-05-13 13:56:53.346000,1,,4,,1__ga_H30R9PNQFN,windows,
3396399569,114297827394075,d8b11166-0cf1-4096-9f75-811003bb445c,2474,added-or-changed,explicit,2025-05-13 13:58:04,0,1,0,myaccount.google.com,0,TESTCOOKIESENABLED,/intro/yourdata,1,no_restriction,,firefox-default,2025-05-13 13:57:04.249000,1,,5,,1_TESTCOOKIESENABLED,windows,
3396399569,114297827394075,d8b11166-0cf1-4096-9f75-811003bb445c,2475,deleted,explicit,2025-05-13 13:58:04,0,1,0,myaccount.google.com,0,TESTCOOKIESENABLED,/intro/yourdata,1,no_restriction,,firefox-default,2025-05-13 13:57:04.249000,1,,5,,1_TESTCOOKIESENABLED,windows,
3396399569,114297827394075,d8b11166-0cf1-4096-9f75-811003bb445c,2476,added-or-changed,explicit,2025-06-12 13:57:04,0,1,0,myaccount.google.com,1,OTZ,/,8080557_56_56__56_,no_restriction,,firefox-default,2025-05-13 13:57:04.250000,1,1.0,5,,1_OTZ,windows,
3396399569,3607294124046912,d8b11166-0cf1-4096-9f75-811003bb445c,2641,added-or-changed,explicit,2025-08-11 13:57:23,0,0,0,.business.google.com,0,_gcl_au,/,1.1.433856087.1747137444,no_restriction,,firefox-default,2025-05-13 13:57:23.867000,1,1.0,6,,1__gcl_au,windows,
3396399569,3607294124046912,d8b11166-0cf1-4096-9f75-811003bb445c,2672,added-or-changed,explicit,2026-06-17 13:57:24,0,0,0,.business.google.com,0,_ga_V9K47ZG8NP,/,deleted,no_restriction,,firefox-default,2025-05-13 13:57:24.661000,1,,6,,1__ga_V9K47ZG8NP,windows,
3396399569,3607294124046912,d8b11166-0cf1-4096-9f75-811003bb445c,2673,deleted,overwrite,2026-06-17 13:57:24,0,0,0,.business.google.com,0,_ga_V9K47ZG8NP,/,GS2.1.s1747137444$o1$g0$t1747137444$j60$l0$h0,no_restriction,,firefox-default,2025-05-13 13:57:24.663000,1,,6,,1__ga_V9K47ZG8NP,windows,
3396399569,3607294124046912,d8b11166-0cf1-4096-9f75-811003bb445c,2674,added-or-changed,explicit,2026-06-17 13:57:24,0,0,0,.business.google.com,0,_ga_V9K47ZG8NP,/,GS2.1.s1747137444$o1$g0$t1747137444$j60$l0$h0,no_restriction,,firefox-default,2025-05-13 13:57:24.663000,1,,6,,1__ga_V9K47ZG8NP,windows,
3396399569,3607294124046912,d8b11166-0cf1-4096-9f75-811003bb445c,2675,added-or-changed,explicit,2026-06-17 13:57:24,0,0,0,.business.google.com,0,_ga,/,GA1.1.1218779909.1747137445,no_restriction,,firefox-default,2025-05-13 13:57:24.663000,1,1.0,6,,1__ga,windows,
3396399569,3607294124046912,d8b11166-0cf1-4096-9f75-811003bb445c,2678,deleted,overwrite,2026-06-17 13:57:24,0,0,0,.business.google.com,0,_ga_V9K47ZG8NP,/,deleted,no_restriction,,firefox-default,2025-05-13 13:57:24.675000,1,,6,,1__ga_V9K47ZG8NP,windows,
3396399569,3607294124046912,d8b11166-0cf1-4096-9f75-811003bb445c,2679,added-or-changed,explicit,2026-06-17 13:57:24,0,0,0,.business.google.com,0,_ga_V9K47ZG8NP,/,deleted,no_restriction,,firefox-default,2025-05-13 13:57:24.676000,1,,6,,1__ga_V9K47ZG8NP,windows,
3396399569,3607294124046912,d8b11166-0cf1-4096-9f75-811003bb445c,2680,deleted,overwrite,2026-06-17 13:57:24,0,0,0,.business.google.com,0,_ga_V9K47ZG8NP,/,GS2.1.s1747137444$o1$g0$t1747137444$j60$l0$h0,no_restriction,,firefox-default,2025-05-13 13:57:24.676000,1,,6,,1__ga_V9K47ZG8NP,windows,
3396399569,3607294124046912,d8b11166-0cf1-4096-9f75-811003bb445c,2681,added-or-changed,explicit,2026-06-17 13:57:24,0,0,0,.business.google.com,0,_ga_V9K47ZG8NP,/,GS2.1.s1747137444$o1$g0$t1747137444$j60$l0$h0,no_restriction,,firefox-default,2025-05-13 13:57:24.676000,1,,6,,1__ga_V9K47ZG8NP,windows,
3396399569,3607294124046912,d8b11166-0cf1-4096-9f75-811003bb445c,2682,deleted,overwrite,2026-06-17 13:57:24,0,0,0,.business.google.com,0,_ga_V9K47ZG8NP,/,deleted,no_restriction,,firefox-default,2025-05-13 13:57:24.687000,1,,6,,1__ga_V9K47ZG8NP,windows,
3396399569,3607294124046912,d8b11166-0cf1-4096-9f75-811003bb445c,2683,added-or-changed,explicit,2026-06-17 13:57:24,0,0,0,.business.google.com,0,_ga_V9K47ZG8NP,/,deleted,no_restriction,,firefox-default,2025-05-13 13:57:24.687000,1,,6,,1__ga_V9K47ZG8NP,windows,
3396399569,3607294124046912,d8b11166-0cf1-4096-9f75-811003bb445c,2684,deleted,overwrite,2026-06-17 13:57:24,0,0,0,.business.google.com,0,_ga_V9K47ZG8NP,/,GS2.1.s1747137444$o1$g0$t1747137444$j60$l0$h0,no_restriction,,firefox-default,2025-05-13 13:57:24.687000,1,,6,,1__ga_V9K47ZG8NP,windows,
3396399569,3607294124046912,d8b11166-0cf1-4096-9f75-811003bb445c,2685,added-or-changed,explicit,2026-06-17 13:57:24,0,0,0,.business.google.com,0,_ga_V9K47ZG8NP,/,GS2.1.s1747137444$o1$g0$t1747137444$j60$l0$h0,no_restriction,,firefox-default,2025-05-13 13:57:24.688000,1,,6,,1__ga_V9K47ZG8NP,windows,
3396399569,3607294124046912,d8b11166-0cf1-4096-9f75-811003bb445c,2701,deleted,overwrite,2026-06-17 13:57:32,0,0,0,.business.google.com,0,_ga_V9K47ZG8NP,/,deleted,no_restriction,,firefox-default,2025-05-13 13:57:32.544000,1,,6,,1__ga_V9K47ZG8NP,windows,
3396399569,3607294124046912,d8b11166-0cf1-4096-9f75-811003bb445c,2702,added-or-changed,explicit,2026-06-17 13:57:32,0,0,0,.business.google.com,0,_ga_V9K47ZG8NP,/,deleted,no_restriction,,firefox-default,2025-05-13 13:57:32.544000,1,,6,,1__ga_V9K47ZG8NP,windows,
3396399569,3607294124046912,d8b11166-0cf1-4096-9f75-811003bb445c,2703,deleted,overwrite,2026-06-17 13:57:32,0,0,0,.business.google.com,0,_ga_V9K47ZG8NP,/,GS2.1.s1747137444$o1$g0$t1747137452$j52$l0$h0,no_restriction,,firefox-default,2025-05-13 13:57:32.544000,1,,6,,1__ga_V9K47ZG8NP,windows,
3396399569,3607294124046912,d8b11166-0cf1-4096-9f75-811003bb445c,2704,added-or-changed,explicit,2026-06-17 13:57:32,0,0,0,.business.google.com,0,_ga_V9K47ZG8NP,/,GS2.1.s1747137444$o1$g0$t1747137452$j52$l0$h0,no_restriction,,firefox-default,2025-05-13 13:57:32.544000,1,,6,,1__ga_V9K47ZG8NP,windows,
3396399569,3607294124046912,d8b11166-0cf1-4096-9f75-811003bb445c,2710,deleted,overwrite,2026-06-17 13:57:39,0,0,0,.business.google.com,0,_ga_V9K47ZG8NP,/,deleted,no_restriction,,firefox-default,2025-05-13 13:57:39.697000,1,,6,,1__ga_V9K47ZG8NP,windows,
3396399569,3607294124046912,d8b11166-0cf1-4096-9f75-811003bb445c,2711,added-or-changed,explicit,2026-06-17 13:57:39,0,0,0,.business.google.com,0,_ga_V9K47ZG8NP,/,deleted,no_restriction,,firefox-default,2025-05-13 13:57:39.697000,1,,6,,1__ga_V9K47ZG8NP,windows,
3396399569,3607294124046912,d8b11166-0cf1-4096-9f75-811003bb445c,2712,deleted,overwrite,2026-06-17 13:57:39,0,0,0,.business.google.com,0,_ga_V9K47ZG8NP,/,GS2.1.s1747137444$o1$g1$t1747137459$j45$l0$h0,no_restriction,,firefox-default,2025-05-13 13:57:39.697000,1,,6,,1__ga_V9K47ZG8NP,windows,
3396399569,3607294124046912,d8b11166-0cf1-4096-9f75-811003bb445c,2713,added-or-changed,explicit,2026-06-17 13:57:39,0,0,0,.business.google.com,0,_ga_V9K47ZG8NP,/,GS2.1.s1747137444$o1$g1$t1747137459$j45$l0$h0,no_restriction,,firefox-default,2025-05-13 13:57:39.697000,1,1.0,6,,1__ga_V9K47ZG8NP,windows,
3396399569,8904103407624369,d8b11166-0cf1-4096-9f75-811003bb445c,3180,added-or-changed,explicit,2025-05-13 13:59:26,0,1,0,www.google.com,0,TESTCOOKIESENABLED,/,1,no_restriction,,firefox-default,2025-05-13 13:58:26.164000,1,,9,,1_TESTCOOKIESENABLED,windows,
3396399569,8904103407624369,d8b11166-0cf1-4096-9f75-811003bb445c,3181,deleted,explicit,2025-05-13 13:59:26,0,1,0,www.google.com,0,TESTCOOKIESENABLED,/,1,no_restriction,,firefox-default,2025-05-13 13:58:26.166000,1,,9,,1_TESTCOOKIESENABLED,windows,
3396399569,8904103407624369,d8b11166-0cf1-4096-9f75-811003bb445c,3226,deleted,overwrite,2025-11-12 13:55:34,1,0,0,.google.com,1,NID,/,524=kDyzedNjub7ZC_BTcxhzjNAVaoHmcJbh7e-A6P8yU07NQUzsAYWHNZ3VdszcWoemGi8qaPM01lkw3_ZLcYOV5VodweoTmGyLWxHBfaDn9RviyV99c9lUrNNQ3i7B12YTSZcdhJmSUjV4fwVmgH3FhE5SfsmGRDNM1VwWhC6qocKY5YIZyk5xrHe_hun7zVeQoPrgV4lMo5nZVDnHSPPZn0BjG02IvtOtPIBag3JscsY6HhFa_WeceWoSsxtH3xtcb_T_in5_Fx4tjcvJYvNNGw,no_restriction,,firefox-default,2025-05-13 13:58:26.401000,1,,9,,1_NID,windows,
3396399569,8904103407624369,d8b11166-0cf1-4096-9f75-811003bb445c,3227,added-or-changed,explicit,2025-11-12 13:55:34,1,0,0,.google.com,1,NID,/,524=kDyzedNjub7ZC_BTcxhzjNAVaoHmcJbh7e-A6P8yU07NQUzsAYWHNZ3VdszcWoemGi8qaPM01lkw3_ZLcYOV5VodweoTmGyLWxHBfaDn9RviyV99c9lUrNNQ3i7B12YTSZcdhJmSUjV4fwVmgH3FhE5SfsmGRDNM1VwWhC6qocKY5YIZyk5xrHe_hun7zVeQoPrgV4lMo5nZVDnHSPPZn0BjG02IvtOtPIBag3JscsY6HhFa_WeceWoSsxtH3xtcb_T_in5_Fx4tjcvJYvNNGw,no_restriction,,firefox-default,2025-05-13 13:58:26.401000,1,1.0,9,,1_NID,windows,
3396399569,8904103407624369,d8b11166-0cf1-4096-9f75-811003bb445c,3319,added-or-changed,explicit,2025-05-13 13:59:27,0,1,0,www.google.com,0,TESTCOOKIESENABLED,/,1,no_restriction,,firefox-default,2025-05-13 13:58:27.036000,1,,9,,1_TESTCOOKIESENABLED,windows,
3396399569,8904103407624369,d8b11166-0cf1-4096-9f75-811003bb445c,3320,deleted,explicit,2025-05-13 13:59:27,0,1,0,www.google.com,0,TESTCOOKIESENABLED,/,1,no_restriction,,firefox-default,2025-05-13 13:58:27.037000,1,,9,,1_TESTCOOKIESENABLED,windows,
3396399569,8904103407624369,d8b11166-0cf1-4096-9f75-811003bb445c,3321,added-or-changed,explicit,2025-06-12 13:58:27,0,0,0,.google.com,0,OGPC,/,19046228-1:,no_restriction,,firefox-default,2025-05-13 13:58:27.037000,1,1.0,9,,1_OGPC,windows,Functionality
3396399569,8904103407624369,d8b11166-0cf1-4096-9f75-811003bb445c,3354,added-or-changed,explicit,2025-06-12 13:58:28,0,1,0,ogs.google.com,1,OTZ,/,8080558_56_56__56_,no_restriction,,firefox-default,2025-05-13 13:58:28.028000,1,1.0,9,,1_OTZ,windows,
3396399569,7904812408928201,d8b11166-0cf1-4096-9f75-811003bb445c,3425,deleted,overwrite,2026-06-17 13:58:47,0,0,0,.policies.google.com,0,_ga_CVQP9NPQGY,/,deleted,no_restriction,,firefox-default,2025-05-13 13:58:47.931000,1,,10,,1__ga_CVQP9NPQGY,windows,Performance
3396399569,7904812408928201,d8b11166-0cf1-4096-9f75-811003bb445c,3426,added-or-changed,explicit,2026-06-17 13:58:47,0,0,0,.policies.google.com,0,_ga_CVQP9NPQGY,/,deleted,no_restriction,,firefox-default,2025-05-13 13:58:47.932000,1,,10,,1__ga_CVQP9NPQGY,windows,Performance
3396399569,7904812408928201,d8b11166-0cf1-4096-9f75-811003bb445c,3427,deleted,overwrite,2026-06-17 13:58:47,0,0,0,.policies.google.com,0,_ga_CVQP9NPQGY,/,GS2.1.s1747137378$o1$g1$t1747137527$j0$l0$h0,no_restriction,,firefox-default,2025-05-13 13:58:47.932000,1,,10,,1__ga_CVQP9NPQGY,windows,Performance
3396399569,7904812408928201,d8b11166-0cf1-4096-9f75-811003bb445c,3428,added-or-changed,explicit,2026-06-17 13:58:47,0,0,0,.policies.google.com,0,_ga_CVQP9NPQGY,/,GS2.1.s1747137378$o1$g1$t1747137527$j0$l0$h0,no_restriction,,firefox-default,2025-05-13 13:58:47.932000,1,,10,,1__ga_CVQP9NPQGY,windows,Performance
3396399569,7904812408928201,d8b11166-0cf1-4096-9f75-811003bb445c,3429,deleted,overwrite,2026-06-17 13:58:47,0,0,0,.policies.google.com,0,_ga,/,GA1.1.1351695229.1747137379,no_restriction,,firefox-default,2025-05-13 13:58:47.934000,1,,10,,1__ga,windows,
3396399569,7904812408928201,d8b11166-0cf1-4096-9f75-811003bb445c,3430,added-or-changed,explicit,2026-06-17 13:58:47,0,0,0,.policies.google.com,0,_ga,/,GA1.1.1351695229.1747137379,no_restriction,,firefox-default,2025-05-13 13:58:47.934000,1,,10,,1__ga,windows,
3396399569,7904812408928201,d8b11166-0cf1-4096-9f75-811003bb445c,3440,deleted,overwrite,2026-06-17 13:58:54,0,0,0,.policies.google.com,0,_ga_CVQP9NPQGY,/,deleted,no_restriction,,firefox-default,2025-05-13 13:58:54.374000,1,,10,,1__ga_CVQP9NPQGY,windows,Performance
3396399569,7904812408928201,d8b11166-0cf1-4096-9f75-811003bb445c,3441,added-or-changed,explicit,2026-06-17 13:58:54,0,0,0,.policies.google.com,0,_ga_CVQP9NPQGY,/,deleted,no_restriction,,firefox-default,2025-05-13 13:58:54.374000,1,,10,,1__ga_CVQP9NPQGY,windows,Performance
3396399569,7904812408928201,d8b11166-0cf1-4096-9f75-811003bb445c,3442,deleted,overwrite,2026-06-17 13:58:54,0,0,0,.policies.google.com,0,_ga_CVQP9NPQGY,/,GS2.1.s1747137378$o1$g1$t1747137534$j0$l0$h0,no_restriction,,firefox-default,2025-05-13 13:58:54.374000,1,,10,,1__ga_CVQP9NPQGY,windows,Performance
3396399569,7904812408928201,d8b11166-0cf1-4096-9f75-811003bb445c,3443,added-or-changed,explicit,2026-06-17 13:58:54,0,0,0,.policies.google.com,0,_ga_CVQP9NPQGY,/,GS2.1.s1747137378$o1$g1$t1747137534$j0$l0$h0,no_restriction,,firefox-default,2025-05-13 13:58:54.374000,1,,10,,1__ga_CVQP9NPQGY,windows,Performance
3396399569,8021826874045110,d8b11166-0cf1-4096-9f75-811003bb445c,3506,deleted,overwrite,2025-05-13 14:29:03,0,0,0,.support.google.com,1,SUPPORT_CONTENT,/,638827342070124222-708932334,no_restriction,,firefox-default,2025-05-13 13:59:03.413000,1,,11,,1_SUPPORT_CONTENT,windows,
3396399569,8021826874045110,d8b11166-0cf1-4096-9f75-811003bb445c,3507,added-or-changed,explicit,2025-05-13 14:29:03,0,0,0,.support.google.com,1,SUPPORT_CONTENT,/,638827342070124222-708932334,no_restriction,,firefox-default,2025-05-13 13:59:03.413000,1,1.0,11,,1_SUPPORT_CONTENT,windows,
3396399569,8021826874045110,d8b11166-0cf1-4096-9f75-811003bb445c,3531,deleted,overwrite,2026-06-17 13:59:03,0,0,0,.support.google.com,0,_ga_H30R9PNQFN,/,deleted,no_restriction,,firefox-default,2025-05-13 13:59:03.856000,1,,11,,1__ga_H30R9PNQFN,windows,
3396399569,8021826874045110,d8b11166-0cf1-4096-9f75-811003bb445c,3532,added-or-changed,explicit,2026-06-17 13:59:03,0,0,0,.support.google.com,0,_ga_H30R9PNQFN,/,deleted,no_restriction,,firefox-default,2025-05-13 13:59:03.857000,1,,11,,1__ga_H30R9PNQFN,windows,
3396399569,8021826874045110,d8b11166-0cf1-4096-9f75-811003bb445c,3533,deleted,overwrite,2026-06-17 13:59:03,0,0,0,.support.google.com,0,_ga_H30R9PNQFN,/,GS2.1.s1747137408$o1$g1$t1747137543$j0$l0$h0,no_restriction,,firefox-default,2025-05-13 13:59:03.857000,1,,11,,1__ga_H30R9PNQFN,windows,
3396399569,8021826874045110,d8b11166-0cf1-4096-9f75-811003bb445c,3534,added-or-changed,explicit,2026-06-17 13:59:03,0,0,0,.support.google.com,0,_ga_H30R9PNQFN,/,GS2.1.s1747137408$o1$g1$t1747137543$j0$l0$h0,no_restriction,,firefox-default,2025-05-13 13:59:03.857000,1,,11,,1__ga_H30R9PNQFN,windows,
3396399569,8021826874045110,d8b11166-0cf1-4096-9f75-811003bb445c,3535,deleted,overwrite,2026-06-17 13:59:03,0,0,0,.support.google.com,0,_ga,/,GA1.1.2096178157.1747137408,no_restriction,,firefox-default,2025-05-13 13:59:03.857000,1,,11,,1__ga,windows,
3396399569,8021826874045110,d8b11166-0cf1-4096-9f75-811003bb445c,3536,added-or-changed,explicit,2026-06-17 13:59:03,0,0,0,.support.google.com,0,_ga,/,GA1.1.2096178157.1747137408,no_restriction,,firefox-default,2025-05-13 13:59:03.857000,1,,11,,1__ga,windows,
3396399569,8021826874045110,d8b11166-0cf1-4096-9f75-811003bb445c,3547,deleted,overwrite,2026-06-17 13:59:03,0,0,0,.support.google.com,0,_ga,/,GA1.3.2096178157.1747137408,no_restriction,,firefox-default,2025-05-13 13:59:03.969000,1,,11,,1__ga,windows,
3396399569,8021826874045110,d8b11166-0cf1-4096-9f75-811003bb445c,3548,added-or-changed,explicit,2026-06-17 13:59:03,0,0,0,.support.google.com,0,_ga,/,GA1.3.2096178157.1747137408,no_restriction,,firefox-default,2025-05-13 13:59:03.969000,1,1.0,11,,1__ga,windows,
3396399569,8021826874045110,d8b11166-0cf1-4096-9f75-811003bb445c,3549,deleted,overwrite,2025-05-14 13:59:03,0,0,0,.support.google.com,0,_gid,/,GA1.3.122719863.1747137408,no_restriction,,firefox-default,2025-05-13 13:59:03.969000,1,,11,,1__gid,windows,
3396399569,8021826874045110,d8b11166-0cf1-4096-9f75-811003bb445c,3550,added-or-changed,explicit,2025-05-14 13:59:03,0,0,0,.support.google.com,0,_gid,/,GA1.3.122719863.1747137408,no_restriction,,firefox-default,2025-05-13 13:59:03.969000,1,1.0,11,,1__gid,windows,
3396399569,8021826874045110,d8b11166-0cf1-4096-9f75-811003bb445c,3551,deleted,expired,2025-05-13 13:57:48,0,0,0,.support.google.com,0,_gat_gtag_UA_175894890_5,/,1,no_restriction,,firefox-default,2025-05-13 13:59:03.971000,1,,11,,1__gat_gtag_UA_175894890_5,windows,
3396399569,8021826874045110,d8b11166-0cf1-4096-9f75-811003bb445c,3552,added-or-changed,explicit,2025-05-13 14:00:03,0,0,0,.support.google.com,0,_gat_gtag_UA_175894890_5,/,1,no_restriction,,firefox-default,2025-05-13 13:59:03.971000,1,1.0,11,,1__gat_gtag_UA_175894890_5,windows,
3396399569,8021826874045110,d8b11166-0cf1-4096-9f75-811003bb445c,3896,deleted,overwrite,2026-06-17 13:59:08,0,0,0,.support.google.com,0,_ga_H30R9PNQFN,/,deleted,no_restriction,,firefox-default,2025-05-13 13:59:08.767000,1,,11,,1__ga_H30R9PNQFN,windows,
3396399569,8021826874045110,d8b11166-0cf1-4096-9f75-811003bb445c,3897,added-or-changed,explicit,2026-06-17 13:59:08,0,0,0,.support.google.com,0,_ga_H30R9PNQFN,/,deleted,no_restriction,,firefox-default,2025-05-13 13:59:08.767000,1,,11,,1__ga_H30R9PNQFN,windows,
3396399569,8021826874045110,d8b11166-0cf1-4096-9f75-811003bb445c,3898,deleted,overwrite,2026-06-17 13:59:08,0,0,0,.support.google.com,0,_ga_H30R9PNQFN,/,GS2.1.s1747137408$o1$g1$t1747137548$j0$l0$h0,no_restriction,,firefox-default,2025-05-13 13:59:08.767000,1,,11,,1__ga_H30R9PNQFN,windows,
3396399569,8021826874045110,d8b11166-0cf1-4096-9f75-811003bb445c,3899,added-or-changed,explicit,2026-06-17 13:59:08,0,0,0,.support.google.com,0,_ga_H30R9PNQFN,/,GS2.1.s1747137408$o1$g1$t1747137548$j0$l0$h0,no_restriction,,firefox-default,2025-05-13 13:59:08.767000,1,1.0,11,,1__ga_H30R9PNQFN,windows,
3396399569,2790609753805592,d8b11166-0cf1-4096-9f75-811003bb445c,3930,deleted,overwrite,2026-06-17 13:59:17,0,0,0,.policies.google.com,0,_ga_CVQP9NPQGY,/,deleted,no_restriction,,firefox-default,2025-05-13 13:59:17.009000,1,,12,,1__ga_CVQP9NPQGY,windows,Performance
3396399569,2790609753805592,d8b11166-0cf1-4096-9f75-811003bb445c,3931,added-or-changed,explicit,2026-06-17 13:59:17,0,0,0,.policies.google.com,0,_ga_CVQP9NPQGY,/,deleted,no_restriction,,firefox-default,2025-05-13 13:59:17.010000,1,,12,,1__ga_CVQP9NPQGY,windows,Performance
3396399569,2790609753805592,d8b11166-0cf1-4096-9f75-811003bb445c,3932,deleted,overwrite,2026-06-17 13:59:17,0,0,0,.policies.google.com,0,_ga_CVQP9NPQGY,/,GS2.1.s1747137378$o1$g1$t1747137557$j0$l0$h0,no_restriction,,firefox-default,2025-05-13 13:59:17.010000,1,,12,,1__ga_CVQP9NPQGY,windows,Performance
3396399569,2790609753805592,d8b11166-0cf1-4096-9f75-811003bb445c,3933,added-or-changed,explicit,2026-06-17 13:59:17,0,0,0,.policies.google.com,0,_ga_CVQP9NPQGY,/,GS2.1.s1747137378$o1$g1$t1747137557$j0$l0$h0,no_restriction,,firefox-default,2025-05-13 13:59:17.010000,1,,12,,1__ga_CVQP9NPQGY,windows,Performance
3396399569,2790609753805592,d8b11166-0cf1-4096-9f75-811003bb445c,3934,deleted,overwrite,2026-06-17 13:59:17,0,0,0,.policies.google.com,0,_ga,/,GA1.1.1351695229.1747137379,no_restriction,,firefox-default,2025-05-13 13:59:17.010000,1,,12,,1__ga,windows,
3396399569,2790609753805592,d8b11166-0cf1-4096-9f75-811003bb445c,3935,added-or-changed,explicit,2026-06-17 13:59:17,0,0,0,.policies.google.com,0,_ga,/,GA1.1.1351695229.1747137379,no_restriction,,firefox-default,2025-05-13 13:59:17.010000,1,1.0,12,,1__ga,windows,
3396399569,2790609753805592,d8b11166-0cf1-4096-9f75-811003bb445c,3945,deleted,overwrite,2026-06-17 13:59:25,0,0,0,.policies.google.com,0,_ga_CVQP9NPQGY,/,deleted,no_restriction,,firefox-default,2025-05-13 13:59:25.430000,1,,12,,1__ga_CVQP9NPQGY,windows,Performance
3396399569,2790609753805592,d8b11166-0cf1-4096-9f75-811003bb445c,3946,added-or-changed,explicit,2026-06-17 13:59:25,0,0,0,.policies.google.com,0,_ga_CVQP9NPQGY,/,deleted,no_restriction,,firefox-default,2025-05-13 13:59:25.430000,1,,12,,1__ga_CVQP9NPQGY,windows,Performance
3396399569,2790609753805592,d8b11166-0cf1-4096-9f75-811003bb445c,3947,deleted,overwrite,2026-06-17 13:59:25,0,0,0,.policies.google.com,0,_ga_CVQP9NPQGY,/,GS2.1.s1747137378$o1$g1$t1747137565$j0$l0$h0,no_restriction,,firefox-default,2025-05-13 13:59:25.430000,1,,12,,1__ga_CVQP9NPQGY,windows,Performance
3396399569,2790609753805592,d8b11166-0cf1-4096-9f75-811003bb445c,3948,added-or-changed,explicit,2026-06-17 13:59:25,0,0,0,.policies.google.com,0,_ga_CVQP9NPQGY,/,GS2.1.s1747137378$o1$g1$t1747137565$j0$l0$h0,no_restriction,,firefox-default,2025-05-13 13:59:25.430000,1,1.0,12,,1__ga_CVQP9NPQGY,windows,Performance
3396399569,4873394567293450,d8b11166-0cf1-4096-9f75-811003bb445c,3953,added-or-changed,explicit,2025-05-13 14:04:33,1,0,0,.google.com,1,CONSISTENCY,/,AKctkzlbME9W6lx719Q2OUEzjeBswORW-srhEOtvyznAHOqpSpDmpqpg2NH0Gha-Yl9rSxC8GkIhCjHcpowZ9Mlee1oxWUIPKsrw6xo5QX5fpDSyF5519lIMDn3OY9Vqd6Rsly0NjHn8,no_restriction,,firefox-default,2025-05-13 13:59:33.722000,1,,13,,1_CONSISTENCY,windows,
3396399569,4873394567293450,d8b11166-0cf1-4096-9f75-811003bb445c,3956,deleted,overwrite,2025-05-13 14:04:33,1,0,0,.google.com,1,CONSISTENCY,/,AKctkznkpLX0c__rQ6HB_4XvDSX-sGUNAtIuCbleBGqvwKQRdds7pfCFsYTuLCvQX3wFl-nsQ6smEQbrA5qjjRRbuT-3Vuc6JIKjHie96lfRnbbk72VrDfXcRncscD3zIt07Gyye4yqH,no_restriction,,firefox-default,2025-05-13 13:59:33.872000,1,,13,,1_CONSISTENCY,windows,
3396399569,4873394567293450,d8b11166-0cf1-4096-9f75-811003bb445c,3957,added-or-changed,explicit,2025-05-13 14:04:33,1,0,0,.google.com,1,CONSISTENCY,/,AKctkznkpLX0c__rQ6HB_4XvDSX-sGUNAtIuCbleBGqvwKQRdds7pfCFsYTuLCvQX3wFl-nsQ6smEQbrA5qjjRRbuT-3Vuc6JIKjHie96lfRnbbk72VrDfXcRncscD3zIt07Gyye4yqH,no_restriction,,firefox-default,2025-05-13 13:59:33.872000,1,,13,,1_CONSISTENCY,windows,
3396399569,4873394567293450,d8b11166-0cf1-4096-9f75-811003bb445c,3960,deleted,overwrite,2025-05-13 14:04:34,1,0,0,.google.com,1,CONSISTENCY,/,AKctkzmNkzMt9pKNg3GZoBb4xHnKrzwV_kTuw9RveYX1FreIBnHqRV39eZ2FrNz6WAKiAJPrUgtKsuK_kVNz8B2ZmMfBANVbhRKl4LlQeJLUDqietdkc9z7N1-0bcfQb92OHJx11M5O4,no_restriction,,firefox-default,2025-05-13 13:59:34.024000,1,,13,,1_CONSISTENCY,windows,
3396399569,4873394567293450,d8b11166-0cf1-4096-9f75-811003bb445c,3961,added-or-changed,explicit,2025-05-13 14:04:34,1,0,0,.google.com,1,CONSISTENCY,/,AKctkzmNkzMt9pKNg3GZoBb4xHnKrzwV_kTuw9RveYX1FreIBnHqRV39eZ2FrNz6WAKiAJPrUgtKsuK_kVNz8B2ZmMfBANVbhRKl4LlQeJLUDqietdkc9z7N1-0bcfQb92OHJx11M5O4,no_restriction,,firefox-default,2025-05-13 13:59:34.024000,1,,13,,1_CONSISTENCY,windows,
3396399569,4873394567293450,d8b11166-0cf1-4096-9f75-811003bb445c,3964,deleted,overwrite,2025-05-13 14:04:34,1,0,0,.google.com,1,CONSISTENCY,/,AKctkznQoi9-XMdzIuRnFVjyfKwVjREjUl-I1HQjTs2XKphfLAThnxZVCbeFEqqSAeTg5Jw7BoMaeVxRYUGYs4jZ_a60m4soMLgsLyYMPYmfBFxwkBdlEbHXRV6e9QRojcgzahv6lGyx,no_restriction,,firefox-default,2025-05-13 13:59:34.276000,1,,13,,1_CONSISTENCY,windows,
3396399569,4873394567293450,d8b11166-0cf1-4096-9f75-811003bb445c,3965,added-or-changed,explicit,2025-05-13 14:04:34,1,0,0,.google.com,1,CONSISTENCY,/,AKctkznQoi9-XMdzIuRnFVjyfKwVjREjUl-I1HQjTs2XKphfLAThnxZVCbeFEqqSAeTg5Jw7BoMaeVxRYUGYs4jZ_a60m4soMLgsLyYMPYmfBFxwkBdlEbHXRV6e9QRojcgzahv6lGyx,no_restriction,,firefox-default,2025-05-13 13:59:34.276000,1,1.0,13,,1_CONSISTENCY,windows,
3396399569,4873394567293450,d8b11166-0cf1-4096-9f75-811003bb445c,3970,added-or-changed,explicit,2026-06-17 13:59:34,0,0,0,.store.google.com,0,_ga,/,GA1.3.2015760938.1747137574,no_restriction,,firefox-default,2025-05-13 13:59:34.435000,1,,13,,1__ga,windows,
3396399569,4873394567293450,d8b11166-0cf1-4096-9f75-811003bb445c,3971,added-or-changed,explicit,2025-05-14 13:59:34,0,0,0,.store.google.com,0,_gid,/,GA1.3.1285043122.1747137574,no_restriction,,firefox-default,2025-05-13 13:59:34.437000,1,1.0,13,,1__gid,windows,
3396399569,4873394567293450,d8b11166-0cf1-4096-9f75-811003bb445c,4535,added-or-changed,explicit,2026-06-17 13:59:38,0,0,0,.store.google.com,0,_ga_L33W75M219,/,deleted,no_restriction,,firefox-default,2025-05-13 13:59:38.739000,1,,13,,1__ga_L33W75M219,windows,
3396399569,4873394567293450,d8b11166-0cf1-4096-9f75-811003bb445c,4536,deleted,overwrite,2026-06-17 13:59:38,0,0,0,.store.google.com,0,_ga_L33W75M219,/,GS2.1.s1747137578$o1$g0$t1747137578$j0$l0$h0,no_restriction,,firefox-default,2025-05-13 13:59:38.739000,1,,13,,1__ga_L33W75M219,windows,
3396399569,4873394567293450,d8b11166-0cf1-4096-9f75-811003bb445c,4537,added-or-changed,explicit,2026-06-17 13:59:38,0,0,0,.store.google.com,0,_ga_L33W75M219,/,GS2.1.s1747137578$o1$g0$t1747137578$j0$l0$h0,no_restriction,,firefox-default,2025-05-13 13:59:38.739000,1,,13,,1__ga_L33W75M219,windows,
3396399569,4873394567293450,d8b11166-0cf1-4096-9f75-811003bb445c,4538,deleted,overwrite,2026-06-17 13:59:38,0,0,0,.store.google.com,0,_ga,/,GA1.1.2015760938.1747137574,no_restriction,,firefox-default,2025-05-13 13:59:38.740000,1,,13,,1__ga,windows,
3396399569,4873394567293450,d8b11166-0cf1-4096-9f75-811003bb445c,4539,added-or-changed,explicit,2026-06-17 13:59:38,0,0,0,.store.google.com,0,_ga,/,GA1.1.2015760938.1747137574,no_restriction,,firefox-default,2025-05-13 13:59:38.740000,1,1.0,13,,1__ga,windows,
3396399569,4873394567293450,d8b11166-0cf1-4096-9f75-811003bb445c,4540,deleted,overwrite,2026-06-17 13:59:38,0,0,0,.store.google.com,0,_ga_L33W75M219,/,deleted,no_restriction,,firefox-default,2025-05-13 13:59:38.756000,1,,13,,1__ga_L33W75M219,windows,
3396399569,4873394567293450,d8b11166-0cf1-4096-9f75-811003bb445c,4541,added-or-changed,explicit,2026-06-17 13:59:38,0,0,0,.store.google.com,0,_ga_L33W75M219,/,deleted,no_restriction,,firefox-default,2025-05-13 13:59:38.757000,1,,13,,1__ga_L33W75M219,windows,
3396399569,4873394567293450,d8b11166-0cf1-4096-9f75-811003bb445c,4542,deleted,overwrite,2026-06-17 13:59:38,0,0,0,.store.google.com,0,_ga_L33W75M219,/,GS2.1.s1747137578$o1$g0$t1747137578$j0$l0$h0,no_restriction,,firefox-default,2025-05-13 13:59:38.757000,1,,13,,1__ga_L33W75M219,windows,
3396399569,4873394567293450,d8b11166-0cf1-4096-9f75-811003bb445c,4543,added-or-changed,explicit,2026-06-17 13:59:38,0,0,0,.store.google.com,0,_ga_L33W75M219,/,GS2.1.s1747137578$o1$g0$t1747137578$j0$l0$h0,no_restriction,,firefox-default,2025-05-13 13:59:38.757000,1,,13,,1__ga_L33W75M219,windows,
3396399569,4873394567293450,d8b11166-0cf1-4096-9f75-811003bb445c,4547,deleted,overwrite,2026-06-17 13:59:38,0,0,0,.store.google.com,0,_ga_L33W75M219,/,deleted,no_restriction,,firefox-default,2025-05-13 13:59:38.794000,1,,13,,1__ga_L33W75M219,windows,
3396399569,4873394567293450,d8b11166-0cf1-4096-9f75-811003bb445c,4548,added-or-changed,explicit,2026-06-17 13:59:38,0,0,0,.store.google.com,0,_ga_L33W75M219,/,deleted,no_restriction,,firefox-default,2025-05-13 13:59:38.794000,1,,13,,1__ga_L33W75M219,windows,
3396399569,4873394567293450,d8b11166-0cf1-4096-9f75-811003bb445c,4549,deleted,overwrite,2026-06-17 13:59:38,0,0,0,.store.google.com,0,_ga_L33W75M219,/,GS2.1.s1747137578$o1$g0$t1747137578$j0$l0$h0,no_restriction,,firefox-default,2025-05-13 13:59:38.794000,1,,13,,1__ga_L33W75M219,windows,
3396399569,4873394567293450,d8b11166-0cf1-4096-9f75-811003bb445c,4550,added-or-changed,explicit,2026-06-17 13:59:38,0,0,0,.store.google.com,0,_ga_L33W75M219,/,GS2.1.s1747137578$o1$g0$t1747137578$j0$l0$h0,no_restriction,,firefox-default,2025-05-13 13:59:38.794000,1,,13,,1__ga_L33W75M219,windows,
3396399569,4873394567293450,d8b11166-0cf1-4096-9f75-811003bb445c,4551,deleted,overwrite,2026-06-17 13:59:38,0,0,0,.store.google.com,0,_ga_L33W75M219,/,deleted,no_restriction,,firefox-default,2025-05-13 13:59:38.804000,1,,13,,1__ga_L33W75M219,windows,
3396399569,4873394567293450,d8b11166-0cf1-4096-9f75-811003bb445c,4552,added-or-changed,explicit,2026-06-17 13:59:38,0,0,0,.store.google.com,0,_ga_L33W75M219,/,deleted,no_restriction,,firefox-default,2025-05-13 13:59:38.804000,1,,13,,1__ga_L33W75M219,windows,
3396399569,4873394567293450,d8b11166-0cf1-4096-9f75-811003bb445c,4553,deleted,overwrite,2026-06-17 13:59:38,0,0,0,.store.google.com,0,_ga_L33W75M219,/,GS2.1.s1747137578$o1$g0$t1747137578$j0$l0$h0,no_restriction,,firefox-default,2025-05-13 13:59:38.804000,1,,13,,1__ga_L33W75M219,windows,
3396399569,4873394567293450,d8b11166-0cf1-4096-9f75-811003bb445c,4554,added-or-changed,explicit,2026-06-17 13:59:38,0,0,0,.store.google.com,0,_ga_L33W75M219,/,GS2.1.s1747137578$o1$g0$t1747137578$j0$l0$h0,no_restriction,,firefox-default,2025-05-13 13:59:38.805000,1,,13,,1__ga_L33W75M219,windows,
3396399569,4873394567293450,d8b11166-0cf1-4096-9f75-811003bb445c,4562,added-or-changed,explicit,2025-06-12 13:59:39,0,1,0,store.google.com,1,OTZ,/,8080560_56_56__56_,no_restriction,,firefox-default,2025-05-13 13:59:39.215000,1,1.0,13,,1_OTZ,windows,
3396399569,4873394567293450,d8b11166-0cf1-4096-9f75-811003bb445c,4762,deleted,overwrite,2026-06-17 13:59:47,0,0,0,.store.google.com,0,_ga_L33W75M219,/,deleted,no_restriction,,firefox-default,2025-05-13 13:59:47.648000,1,,13,,1__ga_L33W75M219,windows,
3396399569,4873394567293450,d8b11166-0cf1-4096-9f75-811003bb445c,4763,added-or-changed,explicit,2026-06-17 13:59:47,0,0,0,.store.google.com,0,_ga_L33W75M219,/,deleted,no_restriction,,firefox-default,2025-05-13 13:59:47.649000,1,,13,,1__ga_L33W75M219,windows,
3396399569,4873394567293450,d8b11166-0cf1-4096-9f75-811003bb445c,4764,deleted,overwrite,2026-06-17 13:59:47,0,0,0,.store.google.com,0,_ga_L33W75M219,/,GS2.1.s1747137578$o1$g0$t1747137587$j0$l0$h0,no_restriction,,firefox-default,2025-05-13 13:59:47.649000,1,,13,,1__ga_L33W75M219,windows,
3396399569,4873394567293450,d8b11166-0cf1-4096-9f75-811003bb445c,4765,added-or-changed,explicit,2026-06-17 13:59:47,0,0,0,.store.google.com,0,_ga_L33W75M219,/,GS2.1.s1747137578$o1$g0$t1747137587$j0$l0$h0,no_restriction,,firefox-default,2025-05-13 13:59:47.650000,1,,13,,1__ga_L33W75M219,windows,
3396399569,4873394567293450,d8b11166-0cf1-4096-9f75-811003bb445c,4766,deleted,overwrite,2026-06-17 13:59:47,0,0,0,.store.google.com,0,_ga_L33W75M219,/,deleted,no_restriction,,firefox-default,2025-05-13 13:59:47.650000,1,,13,,1__ga_L33W75M219,windows,
3396399569,4873394567293450,d8b11166-0cf1-4096-9f75-811003bb445c,4767,added-or-changed,explicit,2026-06-17 13:59:47,0,0,0,.store.google.com,0,_ga_L33W75M219,/,deleted,no_restriction,,firefox-default,2025-05-13 13:59:47.651000,1,,13,,1__ga_L33W75M219,windows,
3396399569,4873394567293450,d8b11166-0cf1-4096-9f75-811003bb445c,4768,deleted,overwrite,2026-06-17 13:59:47,0,0,0,.store.google.com,0,_ga_L33W75M219,/,GS2.1.s1747137578$o1$g0$t1747137587$j0$l0$h0,no_restriction,,firefox-default,2025-05-13 13:59:47.651000,1,,13,,1__ga_L33W75M219,windows,
3396399569,4873394567293450,d8b11166-0cf1-4096-9f75-811003bb445c,4769,added-or-changed,explicit,2026-06-17 13:59:47,0,0,0,.store.google.com,0,_ga_L33W75M219,/,GS2.1.s1747137578$o1$g0$t1747137587$j0$l0$h0,no_restriction,,firefox-default,2025-05-13 13:59:47.651000,1,1.0,13,,1__ga_L33W75M219,windows,
3396399569,285795246369108,d8b11166-0cf1-4096-9f75-811003bb445c,4778,added-or-changed,explicit,2026-06-17 13:59:56,1,1,0,accounts.google.com,1,__Host-GAPS,/,1:w8PjsxV6J6cxjv9OQqZp7uCUwMosjg:vIsulZI606HIa_yg,no_restriction,,firefox-default,2025-05-13 13:59:56.362000,1,1.0,14,,1___Host-GAPS,windows,
3396399569,285795246369108,d8b11166-0cf1-4096-9f75-811003bb445c,4882,added-or-changed,explicit,9999-12-31 23:59:59,0,1,1,workspace.google.com,0,APPS_MARKETING_SIGNALS,/intl/en-US/gmail,source%3D%26lastExperiment%3D6802332%26allExperiments%3D6802332,no_restriction,,firefox-default,2025-05-13 13:59:57.688000,1,1.0,14,,1_APPS_MARKETING_SIGNALS,windows,
3396399569,285795246369108,d8b11166-0cf1-4096-9f75-811003bb445c,4955,added-or-changed,explicit,2026-06-17 13:59:58,0,0,0,.workspace.google.com,0,__utma,/intl/en-US/gmail/,61317162.1918598026.1747137599.1747137599.1747137599.1,no_restriction,,firefox-default,2025-05-13 13:59:58.960000,1,,14,,1___utma,windows,
3396399569,285795246369108,d8b11166-0cf1-4096-9f75-811003bb445c,4956,added-or-changed,explicit,2025-05-13 14:29:58,0,0,0,.workspace.google.com,0,__utmb,/intl/en-US/gmail/,61317162.0.10.1747137599,no_restriction,,firefox-default,2025-05-13 13:59:58.998000,1,,14,,1___utmb,windows,
3396399569,285795246369108,d8b11166-0cf1-4096-9f75-811003bb445c,4957,added-or-changed,explicit,9999-12-31 23:59:59,0,0,1,.workspace.google.com,0,__utmc,/intl/en-US/gmail/,61317162,no_restriction,,firefox-default,2025-05-13 13:59:59.008000,1,,14,,1___utmc,windows,
3396399569,285795246369108,d8b11166-0cf1-4096-9f75-811003bb445c,4958,added-or-changed,explicit,2025-11-12 01:59:59,0,0,0,.workspace.google.com,0,__utmz,/intl/en-US/gmail/,61317162.1747137599.1.1.utmcsr=(direct)|utmccn=(direct)|utmcmd=(none),no_restriction,,firefox-default,2025-05-13 13:59:59.010000,1,,14,,1___utmz,windows,
3396399569,285795246369108,d8b11166-0cf1-4096-9f75-811003bb445c,4959,deleted,overwrite,2026-06-17 13:59:59,0,0,0,.workspace.google.com,0,__utma,/intl/en-US/gmail/,61317162.1918598026.1747137599.1747137599.1747137599.1,no_restriction,,firefox-default,2025-05-13 13:59:59.024000,1,,14,,1___utma,windows,
3396399569,285795246369108,d8b11166-0cf1-4096-9f75-811003bb445c,4960,added-or-changed,explicit,2026-06-17 13:59:59,0,0,0,.workspace.google.com,0,__utma,/intl/en-US/gmail/,61317162.1918598026.1747137599.1747137599.1747137599.1,no_restriction,,firefox-default,2025-05-13 13:59:59.024000,1,,14,,1___utma,windows,
3396399569,285795246369108,d8b11166-0cf1-4096-9f75-811003bb445c,4961,deleted,overwrite,2025-05-13 14:29:59,0,0,0,.workspace.google.com,0,__utmb,/intl/en-US/gmail/,61317162.0.10.1747137599,no_restriction,,firefox-default,2025-05-13 13:59:59.031000,1,,14,,1___utmb,windows,
3396399569,285795246369108,d8b11166-0cf1-4096-9f75-811003bb445c,4962,added-or-changed,explicit,2025-05-13 14:29:59,0,0,0,.workspace.google.com,0,__utmb,/intl/en-US/gmail/,61317162.0.10.1747137599,no_restriction,,firefox-default,2025-05-13 13:59:59.031000,1,,14,,1___utmb,windows,
3396399569,285795246369108,d8b11166-0cf1-4096-9f75-811003bb445c,4963,added-or-changed,explicit,2026-06-17 13:59:59,0,0,0,.workspace.google.com,0,__utma,/,61317162.1918598026.1747137599.1747137599.1747137599.1,no_restriction,,firefox-default,2025-05-13 13:59:59.068000,1,,14,,1___utma,windows,
3396399569,285795246369108,d8b11166-0cf1-4096-9f75-811003bb445c,4964,added-or-changed,explicit,2025-05-13 14:29:59,0,0,0,.workspace.google.com,0,__utmb,/,61317162.0.10.1747137599,no_restriction,,firefox-default,2025-05-13 13:59:59.069000,1,,14,,1___utmb,windows,
3396399569,285795246369108,d8b11166-0cf1-4096-9f75-811003bb445c,4965,added-or-changed,explicit,9999-12-31 23:59:59,0,0,1,.workspace.google.com,0,__utmc,/,61317162,no_restriction,,firefox-default,2025-05-13 13:59:59.070000,1,,14,,1___utmc,windows,
3396399569,285795246369108,d8b11166-0cf1-4096-9f75-811003bb445c,4966,added-or-changed,explicit,2025-11-12 01:59:59,0,0,0,.workspace.google.com,0,__utmz,/,61317162.1747137599.1.1.utmcsr=(direct)|utmccn=(direct)|utmcmd=(none),no_restriction,,firefox-default,2025-05-13 13:59:59.073000,1,,14,,1___utmz,windows,
3396399569,285795246369108,d8b11166-0cf1-4096-9f75-811003bb445c,4967,added-or-changed,explicit,2025-05-13 14:09:59,0,0,0,.workspace.google.com,0,__utmt_UA-18073-1,/,1,no_restriction,,firefox-default,2025-05-13 13:59:59.162000,1,1.0,14,,1___utmt_UA-18073-1,windows,
3396399569,285795246369108,d8b11166-0cf1-4096-9f75-811003bb445c,4968,deleted,overwrite,2025-05-13 14:29:59,0,0,0,.workspace.google.com,0,__utmb,/,61317162.1.10.1747137599,no_restriction,,firefox-default,2025-05-13 13:59:59.176000,1,,14,,1___utmb,windows,
3396399569,285795246369108,d8b11166-0cf1-4096-9f75-811003bb445c,4969,added-or-changed,explicit,2025-05-13 14:29:59,0,0,0,.workspace.google.com,0,__utmb,/,61317162.1.10.1747137599,no_restriction,,firefox-default,2025-05-13 13:59:59.178000,1,,14,,1___utmb,windows,
3396399569,285795246369108,d8b11166-0cf1-4096-9f75-811003bb445c,4971,added-or-changed,explicit,2026-06-17 13:59:59,0,0,0,.workspace.google.com,0,_ga,/,GA1.3.1918598026.1747137599,no_restriction,,firefox-default,2025-05-13 13:59:59.205000,1,,14,,1__ga,windows,
3396399569,285795246369108,d8b11166-0cf1-4096-9f75-811003bb445c,4972,added-or-changed,explicit,2025-05-14 13:59:59,0,0,0,.workspace.google.com,0,_gid,/,GA1.3.1406580852.1747137599,no_restriction,,firefox-default,2025-05-13 13:59:59.210000,1,,14,,1__gid,windows,
3396399569,285795246369108,d8b11166-0cf1-4096-9f75-811003bb445c,4973,added-or-changed,explicit,2025-05-13 14:00:59,0,0,0,.workspace.google.com,0,_dc_gtm_UA-18073-34,/,1,no_restriction,,firefox-default,2025-05-13 13:59:59.216000,1,1.0,14,,1__dc_gtm_UA-18073-34,windows,
3396399569,285795246369108,d8b11166-0cf1-4096-9f75-811003bb445c,5270,added-or-changed,explicit,2026-06-17 13:59:59,0,0,0,.workspace.google.com,0,_ga_FWCBRW1RY8,/,deleted,no_restriction,,firefox-default,2025-05-13 14:00:00.052000,1,,14,,1__ga_FWCBRW1RY8,windows,
3396399569,285795246369108,d8b11166-0cf1-4096-9f75-811003bb445c,5271,deleted,overwrite,2026-06-17 13:59:59,0,0,0,.workspace.google.com,0,_ga_FWCBRW1RY8,/,GS2.1.s1747137599$o1$g0$t1747137599$j60$l0$h0,no_restriction,,firefox-default,2025-05-13 14:00:00.057000,1,,14,,1__ga_FWCBRW1RY8,windows,
3396399569,285795246369108,d8b11166-0cf1-4096-9f75-811003bb445c,5272,added-or-changed,explicit,2026-06-17 13:59:59,0,0,0,.workspace.google.com,0,_ga_FWCBRW1RY8,/,GS2.1.s1747137599$o1$g0$t1747137599$j60$l0$h0,no_restriction,,firefox-default,2025-05-13 14:00:00.058000,1,,14,,1__ga_FWCBRW1RY8,windows,
3396399569,285795246369108,d8b11166-0cf1-4096-9f75-811003bb445c,5273,deleted,overwrite,2026-06-17 13:59:59,0,0,0,.workspace.google.com,0,_ga,/,GA1.1.1918598026.1747137599,no_restriction,,firefox-default,2025-05-13 14:00:00.059000,1,,14,,1__ga,windows,
3396399569,285795246369108,d8b11166-0cf1-4096-9f75-811003bb445c,5274,added-or-changed,explicit,2026-06-17 13:59:59,0,0,0,.workspace.google.com,0,_ga,/,GA1.1.1918598026.1747137599,no_restriction,,firefox-default,2025-05-13 14:00:00.059000,1,,14,,1__ga,windows,
3396399569,285795246369108,d8b11166-0cf1-4096-9f75-811003bb445c,5365,added-or-changed,explicit,2025-05-13 15:00:00,0,0,0,.workspace.google.com,0,APPS_MARKETING_SIGNALS,/,source=&lastExperiment=6802332&allExperiments=6802332,no_restriction,,firefox-default,2025-05-13 14:00:00.705000,1,1.0,14,,1_APPS_MARKETING_SIGNALS,windows,
3396399569,285795246369108,d8b11166-0cf1-4096-9f75-811003bb445c,5366,deleted,overwrite,2025-05-13 15:00:00,0,0,0,.workspace.google.com,0,_ga,/,GA1.1.1918598026.1747137599,no_restriction,,firefox-default,2025-05-13 14:00:00.706000,1,,14,,1__ga,windows,
3396399569,285795246369108,d8b11166-0cf1-4096-9f75-811003bb445c,5367,added-or-changed,explicit,2025-05-13 15:00:00,0,0,0,.workspace.google.com,0,_ga,/,GA1.1.1918598026.1747137599,no_restriction,,firefox-default,2025-05-13 14:00:00.707000,1,,14,,1__ga,windows,
3396399569,285795246369108,d8b11166-0cf1-4096-9f75-811003bb445c,5368,deleted,overwrite,2025-05-13 15:00:00,0,0,0,.workspace.google.com,0,__utma,/,61317162.1918598026.1747137599.1747137599.1747137599.1,no_restriction,,firefox-default,2025-05-13 14:00:00.714000,1,,14,,1___utma,windows,
3396399569,285795246369108,d8b11166-0cf1-4096-9f75-811003bb445c,5369,added-or-changed,explicit,2025-05-13 15:00:00,0,0,0,.workspace.google.com,0,__utma,/,61317162.1918598026.1747137599.1747137599.1747137599.1,no_restriction,,firefox-default,2025-05-13 14:00:00.714000,1,1.0,14,,1___utma,windows,
3396399569,285795246369108,d8b11166-0cf1-4096-9f75-811003bb445c,5370,deleted,overwrite,2025-05-13 15:00:00,0,0,0,.workspace.google.com,0,__utmb,/,61317162.0.10.1747137599,no_restriction,,firefox-default,2025-05-13 14:00:00.715000,1,,14,,1___utmb,windows,
3396399569,285795246369108,d8b11166-0cf1-4096-9f75-811003bb445c,5371,added-or-changed,explicit,2025-05-13 15:00:00,0,0,0,.workspace.google.com,0,__utmb,/,61317162.0.10.1747137599,no_restriction,,firefox-default,2025-05-13 14:00:00.715000,1,1.0,14,,1___utmb,windows,
3396399569,285795246369108,d8b11166-0cf1-4096-9f75-811003bb445c,5372,deleted,overwrite,2025-05-13 15:00:00,0,0,0,.workspace.google.com,0,__utmc,/,61317162,no_restriction,,firefox-default,2025-05-13 14:00:00.726000,1,,14,,1___utmc,windows,
3396399569,285795246369108,d8b11166-0cf1-4096-9f75-811003bb445c,5373,added-or-changed,explicit,2025-05-13 15:00:00,0,0,0,.workspace.google.com,0,__utmc,/,61317162,no_restriction,,firefox-default,2025-05-13 14:00:00.726000,1,1.0,14,,1___utmc,windows,
3396399569,285795246369108,d8b11166-0cf1-4096-9f75-811003bb445c,5374,deleted,overwrite,2025-05-13 15:00:00,0,0,0,.workspace.google.com,0,__utmz,/,61317162.1747137599.1.1.utmcsr=(direct)|utmccn=(direct)|utmcmd=(none),no_restriction,,firefox-default,2025-05-13 14:00:00.728000,1,,14,,1___utmz,windows,
3396399569,285795246369108,d8b11166-0cf1-4096-9f75-811003bb445c,5375,added-or-changed,explicit,2025-05-13 15:00:00,0,0,0,.workspace.google.com,0,__utmz,/,61317162.1747137599.1.1.utmcsr=(direct)|utmccn=(direct)|utmcmd=(none),no_restriction,,firefox-default,2025-05-13 14:00:00.728000,1,1.0,14,,1___utmz,windows,
3396399569,285795246369108,d8b11166-0cf1-4096-9f75-811003bb445c,5502,deleted,overwrite,2026-06-17 14:00:05,0,0,0,.workspace.google.com,0,_ga,/,GA1.3.1918598026.1747137599,no_restriction,,firefox-default,2025-05-13 14:00:05.504000,1,,14,,1__ga,windows,
3396399569,285795246369108,d8b11166-0cf1-4096-9f75-811003bb445c,5503,added-or-changed,explicit,2026-06-17 14:00:05,0,0,0,.workspace.google.com,0,_ga,/,GA1.3.1918598026.1747137599,no_restriction,,firefox-default,2025-05-13 14:00:05.504000,1,1.0,14,,1__ga,windows,
3396399569,285795246369108,d8b11166-0cf1-4096-9f75-811003bb445c,5504,deleted,overwrite,2025-05-14 14:00:05,0,0,0,.workspace.google.com,0,_gid,/,GA1.3.1406580852.1747137599,no_restriction,,firefox-default,2025-05-13 14:00:05.507000,1,,14,,1__gid,windows,
3396399569,285795246369108,d8b11166-0cf1-4096-9f75-811003bb445c,5505,added-or-changed,explicit,2025-05-14 14:00:05,0,0,0,.workspace.google.com,0,_gid,/,GA1.3.1406580852.1747137599,no_restriction,,firefox-default,2025-05-13 14:00:05.508000,1,1.0,14,,1__gid,windows,
3396399569,285795246369108,d8b11166-0cf1-4096-9f75-811003bb445c,5506,deleted,overwrite,2026-06-17 14:00:05,0,0,0,.workspace.google.com,0,_ga_FWCBRW1RY8,/,deleted,no_restriction,,firefox-default,2025-05-13 14:00:05.542000,1,,14,,1__ga_FWCBRW1RY8,windows,
3396399569,285795246369108,d8b11166-0cf1-4096-9f75-811003bb445c,5507,added-or-changed,explicit,2026-06-17 14:00:05,0,0,0,.workspace.google.com,0,_ga_FWCBRW1RY8,/,deleted,no_restriction,,firefox-default,2025-05-13 14:00:05.542000,1,,14,,1__ga_FWCBRW1RY8,windows,
3396399569,285795246369108,d8b11166-0cf1-4096-9f75-811003bb445c,5508,deleted,overwrite,2026-06-17 14:00:05,0,0,0,.workspace.google.com,0,_ga_FWCBRW1RY8,/,GS2.1.s1747137599$o1$g0$t1747137605$j54$l0$h0,no_restriction,,firefox-default,2025-05-13 14:00:05.542000,1,,14,,1__ga_FWCBRW1RY8,windows,
3396399569,285795246369108,d8b11166-0cf1-4096-9f75-811003bb445c,5509,added-or-changed,explicit,2026-06-17 14:00:05,0,0,0,.workspace.google.com,0,_ga_FWCBRW1RY8,/,GS2.1.s1747137599$o1$g0$t1747137605$j54$l0$h0,no_restriction,,firefox-default,2025-05-13 14:00:05.543000,1,,14,,1__ga_FWCBRW1RY8,windows,
3396399569,285795246369108,d8b11166-0cf1-4096-9f75-811003bb445c,5585,deleted,overwrite,2026-06-17 14:00:07,0,0,0,.workspace.google.com,0,_ga_FWCBRW1RY8,/,deleted,no_restriction,,firefox-default,2025-05-13 14:00:07.890000,1,,14,,1__ga_FWCBRW1RY8,windows,
3396399569,285795246369108,d8b11166-0cf1-4096-9f75-811003bb445c,5586,added-or-changed,explicit,2026-06-17 14:00:07,0,0,0,.workspace.google.com,0,_ga_FWCBRW1RY8,/,deleted,no_restriction,,firefox-default,2025-05-13 14:00:07.890000,1,,14,,1__ga_FWCBRW1RY8,windows,
3396399569,285795246369108,d8b11166-0cf1-4096-9f75-811003bb445c,5587,deleted,overwrite,2026-06-17 14:00:07,0,0,0,.workspace.google.com,0,_ga_FWCBRW1RY8,/,GS2.1.s1747137599$o1$g0$t1747137607$j52$l0$h0,no_restriction,,firefox-default,2025-05-13 14:00:07.890000,1,,14,,1__ga_FWCBRW1RY8,windows,
3396399569,285795246369108,d8b11166-0cf1-4096-9f75-811003bb445c,5588,added-or-changed,explicit,2026-06-17 14:00:07,0,0,0,.workspace.google.com,0,_ga_FWCBRW1RY8,/,GS2.1.s1747137599$o1$g0$t1747137607$j52$l0$h0,no_restriction,,firefox-default,2025-05-13 14:00:07.890000,1,1.0,14,,1__ga_FWCBRW1RY8,windows,
